步,空格动作,空格行,空格列,A窗口,B窗口,窗口这块的起点行,起点列,已见数字数,可解条件下候选数,无可解先验候选数
0,.,4,4,1,1,1,1,1,43589145600,87178291200
1,U,3,4,1,1,1,1,1,43589145600,87178291200
2,U,2,4,1,1,1,1,1,43589145600,87178291200
3,L,2,3,1,1,1,1,1,43589145600,87178291200
4,L,2,2,1,1,1,1,1,43589145600,87178291200
5,L,2,1,1,1,1,1,1,43589145600,87178291200
6,U,1,1,0,0,,,1,43589145600,87178291200
7,R,1,2,2,2,1,2,2,3113510400,6227020800
8,R,1,3,2,2,1,2,2,3113510400,6227020800
9,D,2,3,2,2,1,2,2,3113510400,6227020800
10,L,2,2,2,2,1,2,2,3113510400,6227020800
11,L,2,1,2,2,1,2,2,3113510400,6227020800
12,U,1,1,0,0,,,2,3113510400,6227020800
13,R,1,2,3,7,1,3,3,239500800,479001600
14,R,1,3,3,7,1,3,3,239500800,479001600
15,R,1,4,3,7,1,3,3,239500800,479001600
16,D,2,4,3,7,1,3,3,239500800,479001600
17,L,2,3,3,7,1,3,3,239500800,479001600
18,L,2,2,3,7,1,3,3,239500800,479001600
19,U,1,2,3,7,1,3,3,239500800,479001600
20,R,1,3,3,7,1,3,3,239500800,479001600
21,D,2,3,3,7,1,3,3,239500800,479001600
22,L,2,2,3,7,1,3,3,239500800,479001600
23,L,2,1,3,7,1,3,3,239500800,479001600
24,U,1,1,0,0,,,3,239500800,479001600
25,R,1,2,4,3,1,4,4,19958400,39916800
26,D,2,2,4,3,1,4,4,19958400,39916800
27,R,2,3,4,3,1,4,4,19958400,39916800
28,R,2,4,4,3,1,4,4,19958400,39916800
29,U,1,4,4,3,1,4,4,19958400,39916800
30,L,1,3,4,3,1,4,4,19958400,39916800
31,D,2,3,4,3,1,4,4,19958400,39916800
32,L,2,2,4,3,1,4,4,19958400,39916800
33,U,1,2,4,3,1,4,4,19958400,39916800
34,R,1,3,4,3,1,4,4,19958400,39916800
35,D,2,3,4,3,1,4,4,19958400,39916800
36,L,2,2,4,3,1,4,4,19958400,39916800
37,L,2,1,4,3,1,4,4,19958400,39916800
38,U,1,1,0,0,,,4,19958400,39916800
39,R,1,2,5,5,2,1,5,1814400,3628800
40,R,1,3,5,5,2,1,5,1814400,3628800
41,D,2,3,5,5,2,1,5,1814400,3628800
42,L,2,2,5,5,2,1,5,1814400,3628800
43,L,2,1,5,5,2,1,5,1814400,3628800
44,U,1,1,0,0,,,5,1814400,3628800
45,R,1,2,6,6,2,2,6,181440,362880
46,D,2,2,6,6,2,2,6,181440,362880
47,R,2,3,6,6,2,2,6,181440,362880
48,R,2,4,6,6,2,2,6,181440,362880
49,U,1,4,6,6,2,2,6,181440,362880
50,L,1,3,6,6,2,2,6,181440,362880
51,D,2,3,6,6,2,2,6,181440,362880
52,L,2,2,6,6,2,2,6,181440,362880
53,U,1,2,6,6,2,2,6,181440,362880
54,R,1,3,6,6,2,2,6,181440,362880
55,D,2,3,6,6,2,2,6,181440,362880
56,L,2,2,6,6,2,2,6,181440,362880
57,L,2,1,6,6,2,2,6,181440,362880
58,U,1,1,0,0,,,6,181440,362880
59,R,1,2,7,4,2,3,7,20160,40320
60,D,2,2,7,4,2,3,7,20160,40320
61,D,3,2,7,4,2,3,7,20160,40320
62,R,3,3,7,4,2,3,7,20160,40320
63,R,3,4,7,4,2,3,7,20160,40320
64,U,2,4,7,4,2,3,7,20160,40320
65,L,2,3,7,4,2,3,7,20160,40320
66,D,3,3,7,4,2,3,7,20160,40320
67,L,3,2,7,4,2,3,7,20160,40320
68,U,2,2,7,4,2,3,7,20160,40320
69,R,2,3,7,4,2,3,7,20160,40320
70,U,1,3,7,4,2,3,7,20160,40320
71,L,1,2,7,4,2,3,7,20160,40320
72,D,2,2,7,4,2,3,7,20160,40320
73,L,2,1,7,4,2,3,7,20160,40320
74,U,1,1,0,0,,,7,20160,40320
75,R,1,2,8,8,2,4,8,2520,5040
76,D,2,2,8,8,2,4,8,2520,5040
77,L,2,1,8,8,2,4,8,2520,5040
78,D,3,1,8,8,2,4,8,2520,5040
79,R,3,2,8,8,2,4,8,2520,5040
80,U,2,2,8,8,2,4,8,2520,5040
81,U,1,2,8,8,2,4,8,2520,5040
82,L,1,1,0,0,,,8,2520,5040
83,D,2,1,9,9,3,1,9,360,720
84,D,3,1,9,9,3,1,9,360,720
85,R,3,2,9,9,3,1,9,360,720
86,U,2,2,9,9,3,1,9,360,720
87,U,1,2,9,9,3,1,9,360,720
88,L,1,1,0,0,,,9,360,720
89,D,2,1,10,10,3,2,10,60,120
90,D,3,1,10,10,3,2,10,60,120
91,R,3,2,10,10,3,2,10,60,120
92,R,3,3,10,10,3,2,10,60,120
93,U,2,3,10,10,3,2,10,60,120
94,L,2,2,10,10,3,2,10,60,120
95,D,3,2,10,10,3,2,10,60,120
96,L,3,1,10,10,3,2,10,60,120
97,U,2,1,10,10,3,2,10,60,120
98,R,2,2,10,10,3,2,10,60,120
99,U,1,2,10,10,3,2,10,60,120
100,L,1,1,0,0,,,10,60,120
101,D,2,1,11,11,3,3,11,12,24
102,D,3,1,11,11,3,3,11,12,24
103,D,4,1,11,11,3,3,11,12,24
104,R,4,2,11,11,3,3,11,12,24
105,R,4,3,11,11,3,3,11,12,24
106,R,4,4,11,11,3,3,11,12,24
107,U,3,4,11,11,3,3,11,12,24
108,L,3,3,11,11,3,3,11,12,24
109,D,4,3,11,11,3,3,11,12,24
110,L,4,2,11,11,3,3,11,12,24
111,U,3,2,11,11,3,3,11,12,24
112,R,3,3,11,11,3,3,11,12,24
113,U,2,3,11,11,3,3,11,12,24
114,L,2,2,11,11,3,3,11,12,24
115,D,3,2,11,11,3,3,11,12,24
116,L,3,1,11,11,3,3,11,12,24
117,U,2,1,11,11,3,3,11,12,24
118,R,2,2,11,11,3,3,11,12,24
119,U,1,2,11,11,3,3,11,12,24
120,L,1,1,0,0,,,11,12,24
121,D,2,1,12,12,3,4,12,3,6
122,R,2,2,12,12,3,4,12,3,6
123,D,3,2,12,12,3,4,12,3,6
124,L,3,1,12,12,3,4,12,3,6
125,U,2,1,12,12,3,4,12,3,6
126,R,2,2,12,12,3,4,12,3,6
127,U,1,2,12,12,3,4,12,3,6
128,L,1,1,0,0,,,12,3,6
129,D,2,1,13,13,4,1,13,1,2
130,D,3,1,13,13,4,1,13,1,2
131,D,4,1,13,13,4,1,13,1,2
132,R,4,2,13,13,4,1,13,1,2
133,U,3,2,13,13,4,1,13,1,2
134,U,2,2,13,13,4,1,13,1,2
135,L,2,1,13,13,4,1,13,1,2
136,D,3,1,13,13,4,1,13,1,2
137,R,3,2,13,13,4,1,13,1,2
138,U,2,2,13,13,4,1,13,1,2
139,U,1,2,13,13,4,1,13,1,2
140,L,1,1,0,0,,,13,1,2
141,D,2,1,14,14,4,2,14,1,1
142,D,3,1,14,14,4,2,14,1,1
143,R,3,2,14,14,4,2,14,1,1
144,R,3,3,14,14,4,2,14,1,1
145,D,4,3,14,14,4,2,14,1,1
146,L,4,2,14,14,4,2,14,1,1
147,U,3,2,14,14,4,2,14,1,1
148,R,3,3,14,14,4,2,14,1,1
149,U,2,3,14,14,4,2,14,1,1
150,L,2,2,14,14,4,2,14,1,1
151,D,3,2,14,14,4,2,14,1,1
152,L,3,1,14,14,4,2,14,1,1
153,U,2,1,14,14,4,2,14,1,1
154,R,2,2,14,14,4,2,14,1,1
155,U,1,2,14,14,4,2,14,1,1
156,L,1,1,0,0,,,14,1,1
157,D,2,1,15,15,4,3,15,1,1
